ID,Titulo,Keyword_Principal,Tag,Nivel,Tactica,Intencion,Volumen,Prioridad_Score
1,Reparación iPhone Chapinero Bogotá | Pipod,iPhone Chapinero,REPARACIONES APPLE BOGOTÁ,LOCAL,LOCAL SEO + VENTA,Transaccional,500,44500
2,Servicio Técnico iPhone Bogotá | Pipod,servicio tecnico iphone bogota,REPARACIONES APPLE BOGOTÁ,CAZA,SKYCRAPER + VENTA,Informativa,500,148500
3,Reparación iPhone Cerca de Mí Bogotá | Pipod,reparacion iphone cerca de mi bogota,REPARACIONES APPLE BOGOTÁ,LOCAL,LOCAL SEO + VENTA,Transaccional,500,40000
4,Servicio Técnico Apple Bogotá | Pipod,servicio tecnico apple bogota,REPARACIONES APPLE BOGOTÁ,CAZA,SKYCRAPER + VENTA,Informativa,5000,145500
5,Reparación MacBook Bogotá | Pipod,reparacion macbook bogota,REPARACIONES APPLE BOGOTÁ,CORE,SKYCRAPER + VENTA,Informativa,500,41000
6,Reparación iPhone Bogotá Guía Completa | Pipod,reparacion iphone bogota,REPARACIONES APPLE BOGOTÁ,CORE,SKYCRAPER + VENTA,Informativa,500,44500
7,Pantalla MacBook Bogotá | Pipod,pantalla mac bogota,REPARACIONES APPLE BOGOTÁ,CAZA,VENTA,Transaccional,500,110000
8,Cambio Batería iPhone Bogotá | Pipod,cambiar bateria iphone bogota,REPARACIONES APPLE BOGOTÁ,CAZA,VENTA,Transaccional,500,118750
9,MacBook No Enciende Bogotá | Pipod,macbook no enciende,REPARACIONES APPLE BOGOTÁ,CAZA,VENTA,Informativa,500,45000
10,iPhone No Enciende Guía Bogotá | Pipod,soporte de iphone,ERRORES COMUNES,CAZA,SKYCRAPER + VENTA,Informativa,500,142500
11,MacBook Lento Bogotá | Pipod,soporte mac bogota,ERRORES COMUNES,CAZA,VENTA,Informativa,500,81000
12,Apple Watch No Enciende Bogotá | Pipod,apple watch no prende bogota,ERRORES COMUNES,CAZA,VENTA,Informativa,500,49000
13,iPhone Mojado Bogotá Qué Hacer | Pipod,iphone mojado bogota,REPARACIONES APPLE BOGOTÁ,CAZA,VENTA,Informativa,500,40000
14,Face ID No Funciona iPhone Bogotá | Pipod,face id iphone no funciona,ERRORES COMUNES,CAZA,VENTA,Informativa,500,38000
15,MacBook Sobrecalienta Bogotá | Pipod,macbook sobrecalienta,ERRORES COMUNES,CAZA,VENTA,Informativa,500,35000
16,iPhone No Carga Bogotá | Pipod,iphone no carga,ERRORES COMUNES,CAZA,VENTA,Informativa,500,36000
17,Bluetooth iPhone No Funciona Bogotá | Pipod,bluetooth iphone problemas,ERRORES COMUNES,LOCAL,LOCAL SEO + VENTA,Informativa,500,30000
18,WiFi iPhone No Conecta Bogotá | Pipod,wifi iphone no conecta,ERRORES COMUNES,LOCAL,LOCAL SEO + VENTA,Informativa,500,32000
19,Guía Completa Cambiar Batería iPhone Bogotá | Pipod,bateria iphone cambio bogota,GUIAS DE COMPRA,CORE,SKYCRAPER + VENTA,Informativa,500,118750
20,Guía Pantalla MacBook Bogotá | Pipod,pantalla mac bogota,GUIAS DE COMPRA,CORE,SKYCRAPER + VENTA,Transaccional,500,110000
21,iPhone Nuevo vs Usado Bogotá | Pipod,iphone nuevo vs usado bogota,GUIAS DE COMPRA,CORE,SKYCRAPER + VENTA,Informativa,500,85000
22,MacBook Air vs Pro Bogotá | Pipod,macbook air vs pro bogota,GUIAS DE COMPRA,CORE,SKYCRAPER + VENTA,Informativa,500,75000
23,iPhone 15 vs iPhone 14 Bogotá | Pipod,iphone 15 vs 14 bogota,GUIAS DE COMPRA,CAZA,VENTA,Informativa,500,70000
24,Mejor Servicio Técnico Apple Bogotá | Pipod,mejor servicio tecnico apple bogota,GUIAS DE COMPRA,CAZA,VENTA,Transaccional,500,60000
25,Cómo Elegir Técnico Apple Bogotá | Pipod,como elegir tecnico apple,GUIAS DE COMPRA,CAZA,VENTA,Informativa,500,55000
26,Qué Buscar en Servicio Técnico Apple Bogotá | Pipod,servicio tecnico apple que buscar,GUIAS DE COMPRA,CAZA,VENTA,Informativa,500,52000
27,Dónde Reparar iPhone Bogotá | Pipod,donde reparar iphone bogota,GUIAS DE COMPRA,LOCAL,LOCAL SEO + VENTA,Transaccional,500,48000
28,Dónde Reparar MacBook Bogotá | Pipod,donde reparar macbook bogota,GUIAS DE COMPRA,LOCAL,LOCAL SEO + VENTA,Transaccional,500,45000
29,Reparar vs Comprar Nuevo iPhone Bogotá | Pipod,arreglar iphone vs comprar nuevo,GUIAS DE COMPRA,CAZA,VENTA,Informativa,500,44500
30,Cuándo Llevar iPhone a Servicio Técnico | Pipod,cuando llevar iphone servicio tecnico,CONFIANZA EN TU TÉCNICO,CAZA,VENTA,Informativa,500,42000
31,Costo Reparación iPhone Bogotá | Pipod,cuanto cuesta reparar iphone bogota,CONFIANZA EN TU TÉCNICO,CAZA,VENTA,Transaccional,500,48000
32,Costo Reparación MacBook Bogotá | Pipod,cuanto cuesta reparar macbook bogota,CONFIANZA EN TU TÉCNICO,CAZA,VENTA,Transaccional,500,46000
33,Piezas Originales vs Genéricas iPhone | Pipod,piezas originales iphone,CONFIANZA EN TU TÉCNICO,CAZA,VENTA,Informativa,500,44000
34,Garantía Servicio Técnico Apple Bogotá | Pipod,garantia servicio tecnico apple bogota,CONFIANZA EN TU TÉCNICO,CAZA,VENTA,Informativa,500,42000
35,Cómo Verificar Técnico Apple Confiable | Pipod,tecnico apple confiable,CONFIANZA EN TU TÉCNICO,CAZA,VENTA,Informativa,500,40000
36,Protocolo Diagnóstico Servicio iPhone Bogotá | Pipod,protocolo diagnostico iphone,CONFIANZA EN TU TÉCNICO,CORE,SKYCRAPER + VENTA,Informativa,500,38000
37,Experiencia Técnico Apple Bogotá | Pipod,experiencia tecnico apple bogota,CONFIANZA EN TU TÉCNICO,LOCAL,LOCAL SEO + VENTA,Informativa,500,35000
38,Reputación Servicio Técnico Apple Bogotá | Pipod,reputacion servicio tecnico apple bogota,CONFIANZA EN TU TÉCNICO,LOCAL,LOCAL SEO + VENTA,Informativa,500,33000
39,Servicio Técnico Apple Cerca de Mí Chapinero | Pipod,servicio tecnico apple cerca de mi chapinero,CONFIANZA EN TU TÉCNICO,LOCAL,LOCAL SEO + VENTA,Transaccional,500,48000
40,Soporte Apple Bogotá Colombia | Pipod,soporte apple colombia,CONFIANZA EN TU TÉCNICO,CAZA,VENTA,Informativa,5000,40000
41,Mantenimiento MacBook Bogotá | Pipod,mantenimiento macbook bogota,REPARACIONES APPLE BOGOTÁ,CORE,SKYCRAPER + VENTA,Informativa,500,55000
42,Mantenimiento iPhone Bogotá | Pipod,mantenimiento iphone bogota,REPARACIONES APPLE BOGOTÁ,CAZA,VENTA,Informativa,500,45000
43,Mantenimiento iMac Bogotá | Pipod,mantenimiento imac bogota,REPARACIONES APPLE BOGOTÁ,CAZA,VENTA,Informativa,500,40000
44,Mantenimiento Mac Mini Bogotá | Pipod,mantenimiento mac mini bogota,REPARACIONES APPLE BOGOTÁ,CAZA,VENTA,Informativa,500,35000
45,Apple Watch Cambio Pila Bogotá | Pipod,cambio pila apple watch bogota,REPARACIONES APPLE BOGOTÁ,CAZA,VENTA,Informativa,500,45000
46,Apple Watch Recuperación Agua Bogotá | Pipod,apple watch mojado bogota,REPARACIONES APPLE BOGOTÁ,CAZA,VENTA,Informativa,500,42000
47,iPad Reparación Bogotá | Pipod,reparacion ipad bogota,REPARACIONES APPLE BOGOTÁ,CAZA,VENTA,Informativa,500,42000
48,Microsoldadura iPhone Bogotá | Pipod,microsoldadura iphone bogota,REPARACIONES APPLE BOGOTÁ,CORE,SKYCRAPER + VENTA,Informativa,500,55000
49,Recuperación Datos iPhone Bogotá | Pipod,recuperacion datos iphone bogota,REPARACIONES APPLE BOGOTÁ,CAZA,VENTA,Informativa,500,48000
50,Servicio Técnico Apple 24 Horas Bogotá | Pipod,servicio tecnico apple 24 horas bogota,CONFIANZA EN TU TÉCNICO,LOCAL,LOCAL SEO + VENTA,Transaccional,500,35000
51,Limpieza MacBook Chapinero | Pipod,limpieza macbook chapinero,REPARACIONES APPLE BOGOTÁ,LOCAL,LOCAL SEO + VENTA,Transaccional,500,40000
52,Pasta Térmica MacBook Bogotá | Pipod,pasta termica macbook bogota,REPARACIONES APPLE BOGOTÁ,LOCAL,LOCAL SEO + VENTA,Informativa,500,30000